{
	"Credential": "cf",
	"CF": {
		"Target": "https://api.cf.us10-002.hana.ondemand.com",
		"Organization": "5a0e5f2f-0abf-4079-b0e2-1737ef2a75fd",
		"Space": "5fd83700-c20e-422a-b97d-122b2ccdcb0f",
		"Deploy": {
			"Destination": [
				{
					"CF": "AI_API",
					"MDK": "AI_API",
					"URL": "https://api.ai.prod.us-east-1.aws.ml.hana.ondemand.com/v2"
				}
			],
			"Name": "ns.AI_01",
			"Version": "1.0.0",
			"AppRouter": "standalone",
			"WebClient": {
				"Runtime": "production",
				"URL": "https://mdk-webclient-runtime.cfapps.us10.hana.ondemand.com/runtime/"
			},
			"Auth": true,
			"URL": "https://lac-demandgeneration-i751878-7unmyyvx-dev-nsai-01-approuter.cfapps.us10-002.hana.ondemand.com/nsAI_01"
		}
	},
	"MobileService": {
		"AdminAPI": "https://mobile-service-cockpit-api.cfapps.us10.hana.ondemand.com/cockpit/v1/org/5a0e5f2f-0abf-4079-b0e2-1737ef2a75fd/space/5fd83700-c20e-422a-b97d-122b2ccdcb0f",
		"AppId": "i751878",
		"Destination": [
			"AI_API"
		],
		"Type": "standard"
	},
	"Build": {
		"SourceMap": true,
		"TSTarget": "es6",
		"WMF": true,
		"Platform": "iOS & Android"
	},
	"Onboarding": {
		"Schema": "sapmobilesvcs",
		"TimeZone": "UTC",
		"URL": "sapmobilesvcs://?AppId=i751878&ClientId=f957458b-f4dc-4c74-9021-733e4c33c526&ServerUrl=https://i751878-7unmyyvx-dev-i751878.cfapps.us10-002.hana.ondemand.com&SapCloudPlatformEndpoint=https://i751878-7unmyyvx-dev-i751878.cfapps.us10-002.hana.ondemand.com&AuthorizationEndpointUrl=https://i751878-7unmyyvx-dev-i751878.cfapps.us10-002.hana.ondemand.com/oauth2/api/v1/authorize&RedirectUrl=https://i751878-7unmyyvx-dev-i751878.cfapps.us10-002.hana.ondemand.com&TokenUrl=https://i751878-7unmyyvx-dev-i751878.cfapps.us10-002.hana.ondemand.com/oauth2/api/v1/token&multiUser=false"
	}
}